"Player","Nation","Pos","Age","new_pound_value","Team","team_id","Fotmob_rating"
"Mohamed Salah","EGY","FW","32","350000","Liverpool","1","8.09"
"Virgil van Dijk","NED","DF","33","220000","Liverpool","1","7.35"
"Trent Alexander-Arnold","ENG","DF","25","180000","Liverpool","1","7.42"
"Andrew Robertson","SCO","DF","30","160000","Liverpool","1","6.83"
"Alisson","BRA","GK","31","150000","Liverpool","1","7.1"
"Federico Chiesa","ITA","FW","26","150000","Liverpool","1","6.38"
"Ryan Gravenberch","NED","MF","22","150000","Liverpool","1","7.44"
"Alexis Mac Allister","ARG","MF","25","150000","Liverpool","1","7.41"
"Darwin Núñez","URU","FW","25","140000","Liverpool","1","6.65"
"Diogo Jota","POR","FW","27","140000","Liverpool","1","6.79"
"Cody Gakpo","NED","FW","25","120000","Liverpool","1","7.1"
"Dominik Szoboszlai","HUN","MF","23","120000","Liverpool","1","7.18"
"Joe Gomez","ENG","DF","27","85000","Liverpool","1","6.88"
"Kostas Tsimikas","GRE","DF","28","75000","Liverpool","1","6.95"
"Ibrahima Konaté","FRA","DF","25","70000","Liverpool","1","7.19"
"Nathaniel Phillips","ENG","CB","27","65000","Liverpool","1","6.99"
"Luis Díaz","COL","FW","27","55000","Liverpool","1","7.42"
"Wataru Endo","JPN","MF,DF","31","50000","Liverpool","1","6.4"
"Harvey Elliott","ENG","MF,FW","21","40000","Liverpool","1","6.44"
"Stefan Bajcetic","ESP","DM","20","40000","Liverpool","1","6.79"
"Jarell Quansah","ENG","CB","21","30000","Liverpool","1","6.3"
"Curtis Jones","ENG","MF","23","15000","Liverpool","1","6.77"
"Ben Doak","SCO","RW","19","15000","Liverpool","1","7.11"
"Conor Bradley","NIR","DF","21","10000","Liverpool","1","6.62"
"Caoimhín Kelleher","IRL","GK","25","10000","Liverpool","1","6.89"
"Rhys Williams","ENG","CB","24","10000","Liverpool","1","6.52"
"Vitezslav Jaros","CZE","GK","23","7000","Liverpool","1","6.32"
"Kai Havertz","GER","FW,MF","25","280000","Arsenal","2","7.17"
"Declan Rice","ENG","MF","25","240000","Arsenal","2","7.31"
"Martin Ødegaard","NOR","MF","25","240000","Arsenal","2","7.21"
"Thomas Partey","GHA","MF,DF","31","200000","Arsenal","2","7.38"
"Bukayo Saka","ENG","FW,MF","22","195000","Arsenal","2","7.48"
"William Saliba","FRA","DF","23","190000","Arsenal","2","7.25"
"Gabriel Martinelli","BRA","FW,MF","23","180000","Arsenal","2","6.99"
"Oleksandr Zinchenko","UKR","DF,MF","27","150000","Arsenal","2","6.5"
"Ben White","ENG","DF","26","150000","Arsenal","2","6.88"
"Mikel Merino","ESP","MF,FW","28","130000","Arsenal","2","7.03"
"Riccardo Calafiori","ITA","DF","22","120000","Arsenal","2","6.98"
"Jorginho","ITA","MF","32","110000","Arsenal","2","6.56"
"Kieran Tierney","SCO","FW,DF","27","110000","Arsenal","2","6.54"
"Gabriel Magalhães","BRA","DF","26","100000","Arsenal","2","7.21"
"David Raya","ESP","GK","28","100000","Arsenal","2","7.15"
"Jurriën Timber","NED","DF","23","90000","Arsenal","2","7.13"
"Leandro Trossard","BEL","FW","29","90000","Arsenal","2","7.02"
"Jakub Kiwior","POL","DF","24","58000","Arsenal","2","6.79"
"Myles Lewis-Skelly","ENG","DF","18","5000","Arsenal","2","6.79"
"Fabio Vieira","POR","AM","24","45000","Arsenal","2","7.28"
"Kevin De Bruyne","BEL","MF","33","400000","Manchester City","4","7.22"
"Erling Haaland","NOR","FW","24","375000","Manchester City","4","7.51"
"Bernardo Silva","POR","MF,FW","29","300000","Manchester City","4","7.21"
"Jack Grealish","ENG","FW,MF","28","300000","Manchester City","4","6.83"
"John Stones","ENG","DF,MF","30","250000","Manchester City","4","6.64"
"İlkay Gündoğan","GER","MF","33","230000","Manchester City","4","7.15"
"Phil Foden","ENG","MF,FW","24","225000","Manchester City","4","6.99"
"Joško Gvardiol","CRO","DF","22","200000","Manchester City","4","7.35"
"Rúben Dias","POR","DF","27","180000","Manchester City","4","7.04"
"Manuel Akanji","SUI","DF","29","180000","Manchester City","4","6.78"
"Kyle Walker","ENG","DF","34","175000","Manchester City","4","6.79"
"Nathan Aké","NED","DF","29","160000","Manchester City","4","6.88"
"Mateo Kovačić","CRO","MF","30","150000","Manchester City","4","7.32"
"Matheus Nunes","POR","MF,DF","25","130000","Manchester City","4","7.18"
"Ederson","BRA","GK","30","100000","Manchester City","4","7.08"
"Stefan Ortega","GER","GK","31","90000","Manchester City","4","6.81"
"Jeremy Doku","BEL","FW","22","50000","Manchester City","4","7.37"
"Sávio","BRA","FW,MF","20","40000","Manchester City","4","7.43"
"Rico Lewis","ENG","RB","20","25000","Manchester City","4","6.91"
"Issa Kaboré","BFA","DF,MF","23","20000","Manchester City","4","6.71"
"James McAtee","ENG","CM","21","15000","Manchester City","4","6.61"
"Reece James","ENG","DF,MF","24","250000","Chelsea","5","6.98"
"Wesley Fofana","FRA","DF","23","200000","Chelsea","5","7.1"
"Ben Chilwell","ENG","DF,MF","27","200000","Chelsea","5","6.46"
"Christopher Nkunku","FRA","FW","26","195000","Chelsea","5","6.59"
"Enzo Fernández","ARG","MF","23","180000","Chelsea","5","7.33"
"Marc Cucurella","ESP","DF","26","175000","Chelsea","5","6.95"
"Raheem Sterling","ENG","LW","29","162500","Chelsea","5","6.34"
"Pedro Neto","POR","FW","24","160000","Chelsea","5","7"
"Moisés Caicedo","ECU","MF","22","150000","Chelsea","5","7.4"
"Cole Palmer","ENG","MF","22","130000","Chelsea","5","7.7"
"João Félix","POR","FW,MF","24","130000","Chelsea","5","6.65"
"Tosin Adarabioyo","ENG","DF","26","120000","Chelsea","5","7.05"
"Carney Chukwuemeka","ENG","MF","20","100000","Chelsea","5","6.75"
"Mykhailo Mudryk","UKR","FW","23","100000","Chelsea","5","6.21"
"Levi Colwill","ENG","DF","21","100000","Chelsea","5","6.98"
"Nicolas Jackson","SEN","FW","23","100000","Chelsea","5","7.13"
"Benoît Badiashile","FRA","DF","23","90000","Chelsea","5","6.85"
"Axel Disasi","FRA","DF","26","80000","Chelsea","5","6.81"
"Kiernan Dewsbury-Hall","ENG","MF,FW","25","80000","Chelsea","5","6.48"
"Robert Sánchez","ESP","GK","26","60000","Chelsea","5","7.08"
"Trevoh Chalobah","ENG","DF","25","59000","Chelsea","5","7.06"
"Marc Guiu","ESP","CF","19","50000","Chelsea","5","6.28"
"Noni Madueke","ENG","RW","22","50000","Chelsea","5","7.22"
"Filip Jørgensen","DEN","GK","22","50000","Chelsea","5","6.44"
"Malo Gusto","FRA","DF","21","45000","Chelsea","5","6.78"
"Roméo Lavia","BEL","DM","21","45000","Chelsea","5","7.02"
"Deivid Washington","BRA","CF","19","40000","Chelsea","5","6.18"
"Renato Veiga","POR","LB","21","25000","Chelsea","5","7.27"
"Josh Acheampong","ENG","RB","18","5000","Chelsea","5","6.64"
"Casemiro","BRA","MF","32","350000","Manchester Utd","14","7.04"
"Marcus Rashford","ENG","FW,MF","26","300000","Manchester Utd","14","7.01"
"Bruno Fernandes","POR","MF","29","300000","Manchester Utd","14","7.61"
"Mason Mount","ENG","MF,FW","25","250000","Manchester Utd","14","6.23"
"Antony","BRA","DF,MF","24","200000","Manchester Utd","14","7.68"
"Matthijs de Ligt","NED","DF","24","195000","Manchester Utd","14","6.8"
"Harry Maguire","ENG","DF","31","190000","Manchester Utd","14","6.79"
"Christian Eriksen","DEN","MF","32","150000","Manchester Utd","14","6.85"
"Jadon Sancho","ENG","FW,MF","24","150000","Chelsea","14","6.99"
"Luke Shaw","ENG","DF","29","150000","Manchester Utd","14","6.36"
"Noussair Mazraoui","MAR","DF","26","135000","Manchester Utd","14","7"
"André Onana","CMR","GK","28","120000","Manchester Utd","14","6.76"
"Lisandro Martínez","ARG","DF","26","120000","Manchester Utd","14","7.08"
"Victor Lindelöf","SWE","DF","30","120000","Manchester Utd","14","6.32"
"Manuel Ugarte","URG","DM","23","120000","Manchester Utd","14","6.86"
"Leny Yoro","FRA","CB","19","115000","Manchester Utd","14","6.46"
"Joshua Zirkzee","NED","FW,MF","23","105000","Manchester Utd","14","6.33"
"Rasmus Højlund","DEN","FW","21","85000","Manchester Utd","14","6.27"
"Diogo Dalot","POR","DF","25","85000","Manchester Utd","14","7.14"
"Tyrell Malacia","NED","DF","24","75000","Manchester Utd","14","6.69"
"Jonny Evans","NIR","DF","36","65000","Manchester Utd","14","6.9"
"Alejandro Garnacho","ARG","LW","20","50000","Manchester Utd","14","6.75"
"Altay Bayındır","TUR","GK","26","35000","Manchester Utd","14","5.88"
"Amad Diallo","CIV","FW,MF","22","28846","Manchester Utd","14","7.44"
"Kobbie Mainoo","ENG","CM","19","20000","Manchester Utd","14","6.63"
"Toby Collyer","ENG","DM","20","5000","Manchester Utd","14","6.78"
"Daniel Gore","ENG","CM","19","5000","Manchester Utd","14","6.58"
"Son Heung-min","KOR","FW","32","190000","Tottenham","16","7.34"
"James Maddison","ENG","MF","27","170000","Tottenham","16","7.29"
"Timo Werner","GER","FW,MF","28","165000","Tottenham","16","6.44"
"Cristian Romero","ARG","DF","26","165000","Tottenham","16","7.03"
"Dejan Kulusevski","SWE","MF,FW","24","110000","Tottenham","16","6.95"
"Richarlison","BRA","FW","27","90000","Tottenham","16","6.55"
"Dominic Solanke","ENG","FW","26","90000","Tottenham","16","6.66"
"Pedro Porro","ESP","DF","24","85000","Tottenham","16","7.28"
"Radu Drăgușin","ROU","DF","22","85000","Tottenham","16","6.33"
"Ben Davies","WAL","DF","31","80000","Tottenham","16","6.6"
"Destiny Udogie","ITA","DF","21","75000","Tottenham","16","6.95"
"Guglielmo Vicario","ITA","GK","27","75000","Tottenham","16","6.95"
"Archie Gray","ENG","CM","18","75000","Tottenham","16","6.16"
"Fraser Forster","ENG","GK","36","75000","Tottenham","16","6.8"
"Rodrigo Bentancur","URU","MF","27","75000","Tottenham","16","7.07"
"Brennan Johnson","WAL","FW","23","70000","Tottenham","16","7.06"
"Pape Matar Sarr","SEN","MF","21","70000","Tottenham","16","6.7"
"Yves Bissouma","MLI","MF","27","55000","Tottenham","16","6.64"
"Sergio Reguilón","ESP","DF","27","53000","Tottenham","16","6.82"
"Micky van de Ven","NED","DF","23","50000","Tottenham","16","6.84"
"Djed Spence","ENG","DF","23","50000","Tottenham","16","6.75"
"Wilson Odobert","FRA","LW","20","25000","Tottenham","16","6.43"
"Lucas Bergvall","SWE","AM","19","15000","Tottenham","16","6.7"
"Ashley Phillips","WAL","CB","19","15000","Tottenham","16","6.62"
"Robert Lewandowski","POL","FW","35","640962","FC Barcelone","17","7.52"
"Frenkie de Jong","NED","MF","27","365385","FC Barcelone","17","6.96"
"Jules Koundé","FRA","DF","25","260577","FC Barcelone","17","7.28"
"Raphinha","BRA","FW,MF","27","240385","FC Barcelone","17","7.92"
"Ferrán Torres","ESP","FW","24","192308","FC Barcelone","17","7.1"
"Pedri","ESP","MF","21","180385","FC Barcelone","17","7.78"
"Iñigo Martínez","ESP","DF","33","180385","FC Barcelone","17","7.45"
"Dani Olmo","ESP","MF","26","180385","FC Barcelone","17","7.27"
"Andreas Christensen","DEN","DF","28","173077","FC Barcelone","17","6.92"
"Ronald Araújo","URU","DF","25","134615","FC Barcelone","17","7.33"
"Gavi","ESP","MF","19","130769","FC Barcelone","17","6.85"
"Marc-André ter Stegen","GER","GK","32","121154","FC Barcelone","17","6.76"
"Eric García","ESP","DF,MF","23","115385","FC Barcelone","17","7.01"
"Pau Cubarsí","ESP","CB","18","76923","FC Barcelone","17","7.1"
"Fermín López","ESP","CM","21","76923","FC Barcelone","17","6.83"
"Iñaki Peña","ESP","GK","25","62500","FC Barcelone","17","7.03"
"Wojciech Szczęsny","POL","GK","34","57692","FC Barcelone","17","7.25"
"Clément Lenglet","FRA","CB","29","38462","FC Barcelone","17","7.08"
"Lamine Yamal","ESP","RW","17","32115","FC Barcelone","17","7.99"
"Alejandro Balde","ESP","DF","20","32115","FC Barcelone","17","7.16"
"Marc Casado","ESP","MF","21","10000","FC Barcelone","17","7.15"
"Kylian Mbappé","FRA","FW","25","600962","Real Madrid","18","7.86"
"Vinicius Júnior","BRA","FW","24","400577","Real Madrid","18","7.51"
"Jude Bellingham","ENG","MF","21","400577","Real Madrid","18","7.57"
"Federico Valverde","URU","MF,DF","26","320577","Real Madrid","18","7.6"
"Thibaut Courtois","BEL","GK","32","288462","Real Madrid","18","7.12"
"Antonio Rüdiger","GER","DF","31","280385","Real Madrid","18","6.94"
"Éder Militão","BRA","DF","26","280385","Real Madrid","18","7.21"
"Aurélien Tchouaméni","FRA","MF,DF","24","240385","Real Madrid","18","7.25"
"Eduardo Camavinga","FRA","MF","21","240385","Real Madrid","18","7.21"
"Rodrygo","BRA","MF,FW","23","240385","Real Madrid","18","7.36"
"Dani Carvajal","ESP","DF","32","200385","Real Madrid","18","7.29"
"Luka Modrić","CRO","MF","38","200385","Real Madrid","18","7.13"
"Ferland Mendy","FRA","DF","29","200385","Real Madrid","18","6.67"
"Dani Ceballos","ESP","MF","27","200385","Real Madrid","18","7.24"
"Lucas Vázquez","ESP","DF","33","180385","Real Madrid","18","7.19"
"Brahim Díaz","MAR","FW,MF","24","140192","Real Madrid","18","6.94"
"Raúl Asencio","ESP","DF","21","120192","Real Madrid","18","7.13"
"Fran Garcia","ESP","DF","24","100192","Real Madrid","18","7.15"
"Arda Güler","TUR","MF,FW","19","100000","Real Madrid","18","7.2"
"Andriy Lunin","UKR","GK","25","86538","Real Madrid","18","6.82"
"Endrick","BRA","CF","18","80000","Real Madrid","18","6.16"
"Jesús Vallejo","ESP","DF","27","34615","Real Madrid","18","6.11"
"Jan Oblak","SVN","GK","31","400577","Atlético Madrid","19","7.05"
"Antoine Griezmann","FRA","FW,MF","33","240385","Atlético Madrid","19","7.22"
"Conor Gallagher","ENG","MF","24","173077","Atlético Madrid","19","6.93"
"Marcos Llorente","ESP","DF,MF","29","160192","Atlético Madrid","19","7.28"
"Axel Witsel","BEL","DF","35","160192","Atlético Madrid","19","6.97"
"César Azpilicueta","ESP","DF","34","153846","Atlético Madrid","19","6.96"
"Julián Álvarez","ARG","FW,MF","24","136154","Atlético Madrid","19","7.13"
"Rodrigo De Paul","ARG","MF","30","128269","Atlético Madrid","19","6.99"
"Koke","ESP","MF","32","128269","Atlético Madrid","19","6.9"
"Robin Le Normand","ESP","DF","27","120192","Atlético Madrid","19","6.85"
"José María Giménez","URU","DF","29","120192","Atlético Madrid","19","6.79"
"Alexander Sørloth","NOR","FW","28","120000","Atlético Madrid","19","6.97"
"Ángel Correa","ARG","MF,FW","29","67308","Atlético Madrid","19","6.36"
"Thomas Lemar","FRA","FW","28","62500","Atlético Madrid","19","6.24"
"Javi Galán","ESP","DF","29","62500","Atlético Madrid","19","7.02"
"Samuel Lino","BRA","LM","25","24038","Atlético Madrid","19","6.9"
"Nahuel Molina","ARG","DF","26","23077","Atlético Madrid","19","6.9"
"Pablo Barrios","ESP","CM","21","22115","Atlético Madrid","19","7.26"
"Rodrigo Riquelme","ESP","MF,DF","24","11923","Atlético Madrid","19","6.61"
"Giuliano Simeone","ARG","CF","22","9615","Atlético Madrid","19","6.92"
"Ousmane Dembélé","FRA","FW","27","384615","Paris S-G","20","7.96"
"Marquinhos","BRA","CB","30","323077","Paris S-G","20","7.32"
"Khvicha Kvaratskhelia","GEO","FW","23","314615","Paris S-G","20","7.22"
"Achraf Hakimi","MAR","DF","25","279808","Paris S-G","20","7.94"
"Gianluigi Donnarumma","ITA","GK","25","244808","Paris S-G","20","6.81"
"Randal Kolo Muani","FRA","FW","25","174808","Juventus","20","7.05"
"Fabián Ruiz Peña","ESP","MF","28","174808","Paris S-G","20","7.37"
"João Neves","POR","DM","19","174808","Paris S-G","20","7.58"
"Warren Zaïre-Emery","FRA","CM","18","161538","Paris S-G","20","7.11"
"Lee Kang-in","KOR","FW,MF","23","139808","Paris S-G","20","7.34"
"Bradley Barcola","FRA","FW","21","126923","Paris S-G","20","7.55"
"Gonçalo Ramos","POR","FW","23","105769","Paris S-G","20","7.06"
"Vitinha","POR","MF","24","104808","Paris S-G","20","7.49"
"Willian Pacho","ECU","CB","23","87308","Paris S-G","20","7.17"
"Lucas Beraldo","BRA","DF","20","62885","Paris S-G","20","7.24"
"Matvei Safonov","RUS","GK","25","59423","Paris S-G","20","6.96"
"Désiré Doué","FRA","LW","19","52500","Paris S-G","20","7.41"
"Nuno Mendes","POR","DF","22","27692","Paris S-G","20","7.24"
"Arnau Tenas","ESP","GK","23","23077","Paris S-G","20","6.67"
"Aleksandr Golovin","RUS","FW,MF","28","110577","Monaco","21","7.46"
"Folarin Balogun","USA","FW","23","110577","Monaco","21","6.78"
"Thilo Kehrer","GER","DF","27","92885","Monaco","21","7.25"
"Takumi Minamino","JPN","MF,FW","29","88462","Monaco","21","6.99"
"Breel Embolo","SUI","FW","27","77308","Monaco","21","6.77"
"Denis Zakaria","SUI","MF","27","75000","Monaco","21","7.48"
"Mohammed Salisu","GHA","DF","25","59615","Monaco","21","7.23"
"Krépin Diatta","SEN","DF","25","57692","Monaco","21","6.44"
"Vanderson","BRA","DF","23","57692","Monaco","21","7.28"
"Caio Henrique Oliveira Silva","BRA","DF","27","51923","Monaco","21","7.22"
"Jordan Teze","NED","MF,DF","24","37500","Monaco","21","6.77"
"Wilfried Singo","CIV","DF","23","35385","Monaco","21","7.32"
"Radosław Majecki","POL","GK","24","25385","Monaco","21","6.81"
"Maghnes Akliouche","FRA","FW,MF","22","22115","Monaco","21","7.36"
"Philipp Köhn","SUI","GK","26","21154","Monaco","21","6.87"
"Lamine Camara","SEN","CM","21","17692","Monaco","21","7.37"
"George Ilenikhena","FRA","CF","18","13269","Monaco","21","6.41"
"Soungoutou Magassa","FRA","CB","21","13269","Monaco","21","6.93"
"Eliesse Ben Seghir","MAR","AM","19","11538","Monaco","21","7.05"
"Christian Mawissa","FRA","CB","19","11154","Monaco","21","6.88"
"Pierre-Emile Højbjerg","DEN","MF","29","115000","Marseille","22","7.52"
"Adrien Rabiot","FRA","MF","29","122308","Marseille","22","7.43"
"Geoffrey Kondogbia","CTA","DF,MF","31","103846","Marseille","22","7.11"
"Mason Greenwood","ENG","FW,MF","22","87500","Marseille","22","7.59"
"Leonardo Balerdi","ARG","DF","25","76923","Marseille","22","7.25"
"Valentin Rongier","FRA","MF,DF","29","76154","Marseille","22","7.11"
"Amine Harit","MAR","MF","27","59615","Marseille","22","7.07"
"Neal Maupay","FRA","FW","27","57692","Marseille","22","6.68"
"Gerónimo Rulli","ARG","GK","32","48846","Marseille","22","7.03"
"Amine Gouiri","ALG","FW","24","87500","Marseille","22","6.95"
"Luis Henrique","BRA","DF,FW","22","24615","Marseille","22","7.43"
"Quentin Merlin","FRA","DF","22","23077","Marseille","22","6.88"
"Pol Lirola","ESP","DF","26","19231","Marseille","22","6.46"
"Michael Amir Murillo","PAN","DF","28","19231","Marseille","22","7.21"
"Ulisses Garcia","SUI","DF","28","17308","Marseille","22","6.95"
"Jonathan Rowe","ENG","LW","21","17308","Marseille","22","6.57"
"Derek Cornelius","CAN","DF","26","13846","Marseille","22","6.78"
"André Gomes","POR","MF","31","104808","Lille","23","6.81"
"Thomas Meunier","BEL","DF","32","87308","Lille","23","7.1"
"Mitchel Bakker","NED","FW,DF","24","76923","Lille","23","6.84"
"Samuel Umtiti","FRA","DF","30","61538","Lille","23","6.18"
"Benjamin André","FRA","MF","33","41538","Lille","23","7.4"
"Jonathan David","CAN","FW","24","37500","Lille","23","7.31"
"Ismaily","BRA","DF","34","34615","Lille","23","7.05"
"Bafodé Diakité","FRA","DF","23","30000","Lille","23","7.13"
"Rémy Cabella","FRA","MF,FW","34","27692","Lille","23","7.06"
"Aïssa Mandi","ALG","DF","32","24615","Lille","23","6.8"
"Edon Zhegrova","KVX","FW,MF","25","23077","Lille","23","7.1"
"Lucas Chevalier","FRA","GK","22","21923","Lille","23","7.21"
"Hákon Arnar Haraldsson","ISL","LW","21","19231","Lille","23","7.32"
"Tiago Santos","POR","RB","22","19231","Lille","23","7.1"
"Nabil Bentaleb","ALG","MF","29","19231","Lille","23","6.21"
"Alexsandro","BRA","CB","25","17500","Lille","23","7.24"
"Osame Sahraoui","MAR","LW","23","17500","Lille","23","6.86"
"Matias Fernandez-Pardo","BEL","LW","20","13846","Lille","23","6.76"
"Angel Gomes","ENG","MF","23","13654","Lille","23","6.74"
"Ngal'ayel Mukau","COD","DM","19","10385","Lille","23","6.97"
"Ethan Mbappé","FRA","CM","18","10385","Lille","23","6.55"
"Gabriel Gudmundsson","SWE","DF","25","7692","Lille","23","6.8"
"Ayyoub Bouaddi","FRA","MF","17","5192","Lille","23","6.75"
"Alexandre Lacazette","FRA","FW","33","115385","Lyon","24","7.09"
"Nemanja Matić","SRB","MF","35","115385","Lyon","24","6.95"
"Saïd Benrahma","ALG","FW,MF","28","97885","Lyon","24","6.8"
"Nicolás Tagliafico","ARG","DF","31","87500","Lyon","24","7.24"
"Moussa Niakhate","SEN","DF","28","87500","Lyon","24","6.84"
"Rayan Cherki","FRA","FW,MF","20","76923","Lyon","24","7.52"
"Jordan Veretout","FRA","MF","31","62885","Lyon","24","6.7"
"Georges Mikautadze","GEO","FW","23","62885","Lyon","24","6.89"
"Ernest Nuamah","GHA","RW","21","52308","Lyon","24","6.75"
"Duje Ćaleta-Car","CRO","DF","27","45385","Lyon","24","6.94"
"Ainsley Maitland-Niles","ENG","DF","26","42308","Lyon","24","7"
"Tanner Tessmann","USA","MF","22","41923","Lyon","24","6.75"
"Abner","BRA","DF","24","28077","Lyon","24","6.9"
"Clinton Mata","ANG","DF","31","21154","Lyon","24","7.05"
"Malick Fofana","BEL","FW","19","19231","Lyon","24","7.01"
"Lucas Perri","BRA","GK","26","17308","Lyon","24","7.12"
"Paul Akouokou","CIV","MF","26","14423","Lyon","24","5.71"
"Harry Kane","ENG","FW","31","480769","Bayern Munich","25","7.85"
"Manuel Neuer","GER","GK","38","403846","Bayern Munich","25","7"
"Thomas Müller","GER","MF,FW","34","394231","Bayern Munich","25","6.78"
"Joshua Kimmich","GER","MF,DF","29","375000","Bayern Munich","25","7.91"
"Serge Gnabry","GER","FW","29","362885","Bayern Munich","25","7.16"
"Kingsley Coman","FRA","FW","28","326923","Bayern Munich","25","7.21"
"Leroy Sané","GER","FW,MF","28","288462","Bayern Munich","25","7.4"
"Michael Olise","FRA","FW,MF","22","259615","Bayern Munich","25","7.92"
"Leon Goretzka","GER","MF","29","250000","Bayern Munich","25","7.21"
"Kim Min-jae","KOR","DF","27","230769","Bayern Munich","25","7.37"
"Alphonso Davies","CAN","DF","23","216346","Bayern Munich","25","7.56"
"Dayot Upamecano","FRA","DF","25","192308","Bayern Munich","25","7.62"
"João Palhinha","POR","MF","29","192308","Bayern Munich","25","6.7"
"Konrad Laimer","AUT","DF","27","173077","Bayern Munich","25","6.91"
"Raphaël Guerreiro","POR","DF,MF","30","153846","Bayern Munich","25","7.53"
"Josip Stanišić","CRO","DF","24","126923","Bayern Munich","25","7.2"
"Jamal Musiala","GER","MF","21","96154","Bayern Munich","25","7.77"
"Mathys Tel","FRA","MF,FW","19","96154","Tottenham","16","6.7"
"Eric Dier","ENG","DF","30","96154","Bayern Munich","25","7.26"
"Hiroki Ito","JPN","DF","25","72692","Bayern Munich","25","7.15"
"Sacha Boey","FRA","DF","23","57692","Bayern Munich","25","6.81"
"Sven Ulreich","GER","GK","35","38462","Bayern Munich","25",""
"Aleksandar Pavlovic","GER","DM","20","34615","Bayern Munich","25","7.35"
"Daniel Peretz","ISR","GK","24","28846","Bayern Munich","25","6.1"
"Arijon Ibrahimović","GER","LW","18","28846","Bayern Munich","25",""
"Nestory Irankunda","","RW","18","14615","Bayern Munich","25",""
"Adam Aznou","","LB","18","5385","Bayern Munich","25",""
"Noël Aséko Nkili","","DM","18","4615","Bayern Munich","25",""
"Tarek Buchmann","","CB","19","2885","Bayern Munich","25",""
"Niklas Süle","GER","DF","28","192308","Dortmund","26","6.68"
"Serhou Guirassy","GUI","FW","28","181346","Dortmund","26","7.36"
"Gregor Kobel","SUI","GK","26","173077","Dortmund","26","6.75"
"Emre Can","GER","DF,MF","30","153846","Dortmund","26","7.01"
"Marcel Sabitzer","AUT","MF","30","144231","Dortmund","26","6.61"
"Julian Brandt","GER","MF","28","134615","Dortmund","26","7.16"
"Donyell Malen","NED","FW","25","115385","Dortmund","26",""
"Felix Nmecha","GER","MF","23","115385","Dortmund","26","6.92"
"Julian Ryerson","NOR","DF","26","96154","Dortmund","26","6.98"
"Karim Adeyemi","GER","FW,MF","22","96154","Dortmund","26","7.12"
"Nico Schlotterbeck","GER","DF","24","90769","Dortmund","26","7.25"
"Ramy Bensebaini","ALG","DF","29","86538","Dortmund","26","7.11"
"Pascal Groß","GER","MF,DF","33","80000","Dortmund","26","7.04"
"Waldemar Anton","GER","DF","28","76154","Dortmund","26","7.22"
"Maximilian Beier","GER","FW,MF","21","72692","Dortmund","26","6.87"
"Jamie Gittens","ENG","FW,MF","19","57692","Dortmund","26","7.18"
"Gio Reyna","USA","MF,FW","21","48077","Dortmund","26","6.69"
"Alexander Meyer","GER","GK","33","21923","Dortmund","26","6.71"
"Yan Couto","BRA","DF","22","21923","Dortmund","26","6.64"
"Kjell Wätjen","","CM","18","5385","Dortmund","26",""
"Julien Duranville","","RW","18","4615","Dortmund","26",""
"Marcel Lotka","POL","GK","23","4615","Dortmund","26",""
"Cole Campbell","","RW","18","3462","Dortmund","26",""
"Almugera Kabar","","LB","18","3462","Dortmund","26",""
"Salih Özcan","TUR","MF","27","72692","Dortmund","26","6.72"
"Álex Grimaldo","ESP","DF,FW","28","115385","Bayer Leverkusen","27","7.53"
"Patrik Schick","CZE","FW","28","115385","Bayer Leverkusen","27","7.18"
"Edmond Tapsoba","BFA","DF","25","96154","Bayer Leverkusen","27","7.04"
"Exequiel Palacios","ARG","MF","25","96154","Bayer Leverkusen","27","7.4"
"Aleix García","ESP","MF","27","90769","Bayer Leverkusen","27","7.3"
"Florian Wirtz","GER","MF,FW","21","86538","Bayer Leverkusen","27","7.67"
"Granit Xhaka","SUI","MF","31","79808","Bayer Leverkusen","27","7.57"
"Jeremie Frimpong","NED","DF,FW","23","76923","Bayer Leverkusen","27","6.94"
"Jonas Hofmann","GER","MF,FW","32","76923","Bayer Leverkusen","27","6.97"
"Piero Hincapié","ECU","DF","22","72692","Bayer Leverkusen","27","7.2"
"Amine Adli","MAR","MF,FW","24","65385","Bayer Leverkusen","27","6.69"
"Martin Terrier","FRA","MF","27","65385","Bayer Leverkusen","27","6.63"
"Robert Andrich","GER","MF,DF","29","61538","Bayer Leverkusen","27","7.14"
"Jonathan Tah","GER","DF","28","54423","Bayer Leverkusen","27","7.27"
"Lukáš Hrádecký","FIN","GK","34","50000","Bayer Leverkusen","27","6.9"
"Victor Boniface","NGA","CF","24","38462","Bayer Leverkusen","27","6.97"
"Nathan Tella","NGA","FW,MF","25","34615","Bayer Leverkusen","27","6.75"
"Lautaro Martínez","ARG","FW","26","320577","Inter Milan","28","7.22"
"Nicolò Barella","ITA","MF","27","231538","Inter Milan","28","7.33"
"Hakan Çalhanoğlu","TUR","MF","30","213654","Inter Milan","28","7.44"
"Alessandro Bastoni","ITA","DF","25","195962","Inter Milan","28","7.11"
"Piotr Zieliński","POL","MF","30","160192","Inter Milan","28","6.86"
"Marcus Thuram","FRA","FW","26","147885","Inter Milan","28","7.38"
"Federico Dimarco","ITA","DF,FW","26","142500","Inter Milan","28","7.2"
"Stefan de Vrij","NED","DF","32","135385","Inter Milan","28","6.96"
"Joaquín Correa","ARG","FW,MF","29","124615","Inter Milan","28","6.55"
"Benjamin Pavard","FRA","DF","28","123269","Inter Milan","28","6.88"
"Mehdi Taremi","IRN","FW","32","106923","Inter Milan","28","6.5"
"Davide Frattesi","ITA","MF","24","99808","Inter Milan","28","6.75"
"Denzel Dumfries","NED","DF,FW","28","98654","Inter Milan","28","7.04"
"Henrikh Mkhitaryan","ARM","MF","35","93654","Inter Milan","28","7.13"
"Marko Arnautović","AUT","FW","35","86346","Inter Milan","28","6.91"
"Matteo Darmian","ITA","DF","34","61731","Inter Milan","28","6.75"
"Yann Sommer","SUI","GK","35","61731","Inter Milan","28","7.02"
"Carlos Augusto","BRA","DF","25","54231","Inter Milan","28","6.97"
"Francesco Acerbi","ITA","DF","36","53462","Inter Milan","28","7.24"
"Yann Aurel Bisseck","GER","DF","23","36923","Inter Milan","28","6.89"
"Nicola Zalewski","POL","MF","23","17885","Inter Milan","28","6.5"
"Ismaël Bennacer","ALG","MF","26","135385","Marseille","22","7.11"
"Rafael Leão","POR","FW","25","123269","AC Milan","29","7.24"
"Tammy Abraham","ENG","FW","26","110962","AC Milan","29","6.59"
"Youssouf Fofana","FRA","MF","25","106923","AC Milan","29","6.94"
"Theo Hernández","FRA","DF","26","98654","AC Milan","29","7.16"
"Christian Pulisic","USA","FW,MF","25","98654","AC Milan","29","7.33"
"Ruben Loftus-Cheek","ENG","MF","28","98654","AC Milan","29","6.73"
"Samuel Chukwueze","NGA","FW","25","98654","AC Milan","29","6.86"
"Emerson","BRA","DF","25","89038","AC Milan","29","7.09"
"Fikayo Tomori","ENG","DF","26","86346","AC Milan","29","6.87"
"Mike Maignan","FRA","GK","29","69038","AC Milan","29","6.95"
"Matteo Gabbia","ITA","DF","24","64038","AC Milan","29","6.91"
"Luka Jović","SRB","FW,MF","26","61731","AC Milan","29","6.58"
"Strahinja Pavlović","SRB","DF","23","60577","AC Milan","29","7.19"
"Yunus Musah","USA","FW,MF","21","49231","AC Milan","29","6.64"
"Noah Okafor","SUI","FW,MF","24","49231","Napoli","30","6.28"
"Tijjani Reijnders","NED","MF","26","41923","AC Milan","29","7.24"
"Filippo Terracciano","ITA","RB","21","28462","AC Milan","29","6.47"
"Álex Jiménez","ESP","LB","19","21346","AC Milan","29","6.8"
"Malick Thiaw","GER","DF","22","19808","AC Milan","29","6.7"
"Romelu Lukaku","BEL","FW","31","147885","Napoli","30","6.95"
"Matteo Politano","ITA","FW,MF","30","114038","Napoli","30","7.12"
"David Neres","BRA","FW","27","106923","Napoli","30","6.9"
"Scott McTominay","SCO","MF","27","106923","Napoli","30","7.41"
"Giovanni Di Lorenzo","ITA","DF","30","106923","Napoli","30","7.23"
"Giacomo Raspadori","ITA","FW,MF","24","89038","Napoli","30","7.03"
"Alessandro Buongiorno","ITA","DF","25","89038","Napoli","30","7.27"
"Alex Meret","ITA","GK","27","71154","Napoli","30","7.1"
"Stanislav Lobotka","SVK","MF","29","69038","Napoli","30","7.18"
"Andre-Frank Zambo Anguissa","CMR","MF","28","66538","Napoli","30","7.31"
"Giovanni Simeone","ARG","FW","29","64038","Napoli","30","6.06"
"Leonardo Spinazzola","ITA","DF,FW","31","64038","Napoli","30","6.88"
"Billy Gilmour","SCO","MF","23","64038","Napoli","30","6.99"
"Amir Rrahmani","KVX","DF","30","61731","Napoli","30","7.2"
"Rafa Marín","ESP","CB","22","42692","Napoli","30","6.57"
"Mathías Olivera","URU","DF","26","36923","Napoli","30","7.15"
"Juan Jesus","BRA","DF","33","35577","Napoli","30","6.93"
"Dušan Vlahović","SRB","FW","24","427308","Juventus","31","6.99"
"Douglas Luiz","BRA","MF","26","160192","Juventus","31","6.61"
"Manuel Locatelli","ITA","MF,DF","26","117500","Juventus","31","7.22"
"Teun Koopmeiners","NED","MF","26","110962","Juventus","31","6.92"
"Francisco Conceição","POR","FW","21","89038","Juventus","31","6.78"
"Nicolás González","ARG","FW","26","88846","Juventus","31","7.07"
"Andrea Cambiaso","ITA","DF","24","85385","Juventus","31","6.96"
"Khéphren Thuram","FRA","MF","23","71154","Juventus","31","7.09"
"Michele Di Gregorio","ITA","GK","27","71154","Juventus","31","6.96"
"Weston McKennie","USA","MF,DF","25","61731","Juventus","31","6.98"
"Kenan Yıldız","TUR","SS","19","56923","Juventus","31","7.21"
"Federico Gatti","ITA","DF","26","49808","Juventus","31","7.03"
"Pierre Kalulu","FRA","DF","24","49231","Juventus","31","6.91"
"Timothy Weah","USA","DF,FW","24","49231","Juventus","31","6.93"
"Juan David Cabal","COL","DF","23","42692","Juventus","31","6.85"
"Samuel Mbangula","BEL","LW","21","10769","Juventus","31","6.92"
"Nicolò Savona","ITA","RB","21","7115","Juventus","31","6.87"
"Jonas Rouhi","SWE","LB","20","7115","Juventus","31","6.32"
